"DateTime","Players","Players Trend","Twitch Viewers"
"2019-11-26 11:50:00",80771,87987.90277777778,4047
"2019-11-26 12:00:00",82463,88055.7657145613,4114
"2019-11-26 12:10:00",84221,88125.67482363316,4249
"2019-11-26 12:20:00",85824,88197.77899718916,3981
"2019-11-26 12:30:00",87653,88272.66450617286,4037
"2019-11-26 12:40:00",89586,88351.30038166889,4317
"2019-11-26 12:50:00",91438,88431.56183271919,4285
"2019-11-26 13:00:00",93118,88516.50231481482,4197
"2019-11-26 13:10:00",94962,88604.2879739859,3992
"2019-11-26 13:20:00",96620,88694.41402529762,4208
"2019-11-26 13:30:00",98074,88787.48779962321,4024
"2019-11-26 13:40:00",99326,88883.6776275904,4661
"2019-11-26 13:50:00",100409,88981.44846993283,4887
"2019-11-26 14:00:00",100862,89080.78484426178,5043
"2019-11-26 14:10:00",101078,89182.61226851851,5435
"2019-11-26 14:20:00",101142,89285.10522073414,5488
"2019-11-26 14:30:00",100860,89390.11261541654,5717
"2019-11-26 14:40:00",100032,89495.1618165785,5973
"2019-11-26 14:50:00",98819,89600.15926535089,6170
"2019-11-26 15:00:00",97095,89705.41517443782,6148
"2019-11-26 15:10:00",94305,89805.27165611617,6255
"2019-11-26 15:20:00",92778,89899.74988162878,6373
"2019-11-26 15:30:00",90914,89993.94632313473,6661
"2019-11-26 15:40:00",88877,90086.57594108247,6749
"2019-11-26 15:50:00",87818,90176.91917989419,6020
"2019-11-26 16:00:00",86517,90264.89455986724,6367
"2019-11-26 16:10:00",84984,90350.70598636832,6531
"2019-11-26 16:20:00",83936,90434.564971301,6562
"2019-11-26 16:30:00",83152,90516.64405731161,7016
"2019-11-26 16:40:00",82459,90595.44756944444,7559
"2019-11-26 16:50:00",82464,90675.39234911033,7767
"2019-11-26 17:00:00",85742,90753.496751681,8488
"2019-11-26 17:10:00",89529,90811.47585978836,9175
"2019-11-26 17:20:00",91567,90846.35883520074,9511
"2019-11-26 17:30:00",93204,90870.08076144812,9549
"2019-11-26 17:40:00",94610,90886.13512731485,10126
"2019-11-26 17:50:00",95760,90895.30320945948,9717
"2019-11-26 18:00:00",96687,90899.49010982318,9799
"2019-11-26 18:10:00",97428,90898.26160269132,10052
"2019-11-26 18:20:00",98279,90894.70803158071,9886
"2019-11-26 18:30:00",98599,90886.79245977978,9692
"2019-11-26 18:40:00",99112,90878.94673465454,9768
"2019-11-26 18:50:00",99275,90869.90842350348,9704
"2019-11-26 19:00:00",99452,90861.79599692363,9911
"2019-11-26 19:10:00",99321,90853.12611331572,9973
"2019-11-26 19:20:00",99527,90847.17234676935,9285
"2019-11-26 19:30:00",99260,90841.9167654626,10082
"2019-11-26 19:40:00",98881,90838.82268242948,10213
"2019-11-26 19:50:00",98663,90839.32102364757,10938
"2019-11-26 20:00:00",98502,90839.80786072533,9982
"2019-11-26 20:10:00",98003,90839.49821687938,10925
"2019-11-26 20:20:00",97545,90837.06746031748,11095
"2019-11-26 20:30:00",96906,90834.15524753754,11208
"2019-11-26 20:40:00",96184,90830.73878187465,11632
"2019-11-26 20:50:00",95597,90828.20348575039,11829
"2019-11-26 21:00:00",94666,90825.59186330785,11385
"2019-11-26 21:10:00",93151,90819.84549626384,11201
"2019-11-26 21:20:00",92214,90814.38180261932,11032
"2019-11-26 21:30:00",91290,90806.38156541457,11166
"2019-11-26 21:40:00",90444,90797.20025903883,11202
"2019-11-26 21:50:00",89345,90784.73020616491,11144
"2019-11-26 22:00:00",88315,90769.8344731841,11362
"2019-11-26 22:10:00",87034,90752.14806744462,10468
"2019-11-26 22:20:00",85781,90732.91341145837,9973
"2019-11-26 22:30:00",84843,90712.19793447298,10184
"2019-11-26 22:40:00",83929,90690.754104788,10067
"2019-11-26 22:50:00",82851,90666.47385406798,10114
"2019-11-26 23:00:00",81933,90640.51070115551,10098
"2019-11-26 23:10:00",81080,90612.52890043904,9988
"2019-11-26 23:20:00",80176,90581.20126015687,9888
"2019-11-26 23:30:00",79679,90550.16459773305,10074
"2019-11-26 23:40:00",79153,90516.46385168654,10174
"2019-11-26 23:50:00",78913,90482.5717887041,9756
"2019-11-27 00:00:00",78981,90448.02980305455,10019
"2019-11-27 00:10:00",79247,90411.74101080248,10204
"2019-11-27 00:20:00",79399,90371.0938979393,9736
"2019-11-27 00:30:00",79940,90329.20028659613,10029
"2019-11-27 00:40:00",80754,90283.6400091999,10033
"2019-11-27 00:50:00",81578,90235.34779360057,9958
"2019-11-27 01:00:00",82345,90185.75201306216,9954
"2019-11-27 01:10:00",83262,90135.22437781695,9619
"2019-11-27 01:20:00",84153,90084.38475730737,7725
"2019-11-27 01:30:00",85155,90033.62724774759,8104
"2019-11-27 01:40:00",86000,89981.75018601188,8162
"2019-11-27 01:50:00",87034,89930.17449618733,8045
"2019-11-27 02:00:00",88038,89878.61316060659,8034
"2019-11-27 02:10:00",89098,89827.25841258436,8371
"2019-11-27 02:20:00",90443,89778.12547536375,8352
"2019-11-27 02:30:00",91454,89729.00856010837,8372
"2019-11-27 02:40:00",92394,89682.41242835094,8556
"2019-11-27 02:50:00",93164,89637.95072933014,8494
"2019-11-27 03:00:00",93497,89595.42449594065,8792
"2019-11-27 03:10:00",93511,89554.18137605248,8634
"2019-11-27 03:20:00",93751,89516.29264861601,8778
"2019-11-27 03:30:00",93711,89480.23313970689,8685
"2019-11-27 03:40:00",93794,89445.92274994486,8633
"2019-11-27 03:50:00",93918,89414.37671139473,8079
"2019-11-27 04:00:00",94190,89387.5834306275,7920
"2019-11-27 04:10:00",94578,89365.18472046856,8717
"2019-11-27 04:20:00",95482,89347.54921378965,8496
"2019-11-27 04:30:00",95919,89331.1469157084,8400
"2019-11-27 04:40:00",96133,89318.10586589959,8276
"2019-11-27 04:50:00",96082,89306.43278248124,8073
"2019-11-27 05:00:00",95383,89295.23700619402,7954
"2019-11-27 05:10:00",93889,89284.87936350463,7964
"2019-11-27 05:20:00",92572,89276.38435479993,7648
"2019-11-27 05:30:00",91351,89268.1764080502,7564
"2019-11-27 05:40:00",89655,89258.4178745958,7324
"2019-11-27 05:50:00",88001,89248.53198722146,6824
"2019-11-27 06:00:00",86335,89237.17002227128,6782
"2019-11-27 06:10:00",84502,89225.04542973028,6690
"2019-11-27 06:20:00",82856,89210.44106375184,6381
"2019-11-27 06:30:00",81706,89195.7916530099,6004
"2019-11-27 06:40:00",80743,89180.50653434798,5969
"2019-11-27 06:50:00",79417,89162.712417328,5733
"2019-11-27 07:00:00",78324,89145.16468610309,5595
"2019-11-27 07:10:00",77170,89126.2071356498,5617
"2019-11-27 07:20:00",76317,89106.83025310226,5163
"2019-11-27 07:30:00",75638,89087.56546901166,5340
"2019-11-27 07:40:00",74998,89067.9585069444,5213
"2019-11-27 07:50:00",74440,89047.01843106387,5434
"2019-11-27 08:00:00",74169,89026.11187289027,5183
"2019-11-27 08:10:00",73884,89006.05421902555,5022
"2019-11-27 08:20:00",73969,88986.86434998507,4787
"2019-11-27 08:30:00",74249,88967.4222255291,4947
"2019-11-27 08:40:00",74351,88947.09833337269,4246
"2019-11-27 08:50:00",74424,88926.54204259622,4449
"2019-11-27 09:00:00",74308,88906.07828776039,4381
"2019-11-27 09:10:00",74578,88886.00152013861,4276
"2019-11-27 09:20:00",74762,88864.44641362687,4250
"2019-11-27 09:30:00",74811,88842.18711356644,4219
"2019-11-27 09:40:00",75161,88820.62831502024,4219
"2019-11-27 09:50:00",75548,88798.56820063552,4372
"2019-11-27 10:00:00",75957,88777.95459551203,4411
"2019-11-27 10:10:00",76708,88756.9471781305,4084
"2019-11-27 10:20:00",77719,88736.2391237745,4203
"2019-11-27 10:30:00",78772,88715.35779900294,4218
"2019-11-27 10:40:00",79880,88693.07766940564,4294
"2019-11-27 10:50:00",81292,88672.19439835036,4221
"2019-11-27 11:00:00",82717,88651.84703069886,4270
"2019-11-27 11:10:00",84245,88633.95825535199,4127
"2019-11-27 11:20:00",86043,88617.53675845584,4082
"2019-11-27 11:30:00",87926,88601.96369766422,4238
"2019-11-27 11:40:00",89496,88586.69025573193,4279
"2019-11-27 11:50:00",91464,88579.30257936507,4322
"2019-11-27 12:00:00",93224,88572.36642278437,4321
"2019-11-27 12:10:00",95086,88565.89496527775,4239
"2019-11-27 12:20:00",96855,88559.5966435185,3904
"2019-11-27 12:30:00",98976,88556.25832231039,3809
"2019-11-27 12:40:00",100902,88553.49921461639,4027
"2019-11-27 12:50:00",103211,88552.29381613754,4172
"2019-11-27 13:00:00",105063,88549.81318204364,3297
"2019-11-27 13:10:00",107030,88547.07093253967,3452
"2019-11-27 13:20:00",108927,88546.76804315476,3579
"2019-11-27 13:30:00",110673,88546.65239197531,3637
"2019-11-27 13:40:00",112018,88546.3834876543,3684
"2019-11-27 13:50:00",113278,88547.46387235448,4067
"2019-11-27 14:00:00",114078,88550.693328373,4385
"2019-11-27 14:10:00",114398,88554.90133101851,4426
"2019-11-27 14:20:00",114886,88561.84201388888,4270
"2019-11-27 14:30:00",114744,88566.62356701939,4407
"2019-11-27 14:40:00",114098,88571.97111304014,4454
"2019-11-27 14:50:00",113186,88579.1281001984,4629
"2019-11-27 15:00:00",111083,88587.22790591931,4672
"2019-11-27 15:10:00",107743,88595.67584325395,4894
"2019-11-27 15:20:00",106463,88608.41288442459,5143
"2019-11-27 15:30:00",104683,88622.27416776895,5068
"2019-11-27 15:40:00",102488,88637.51308972662,5239
"2019-11-27 15:50:00",101293,88655.15972222222,5251
"2019-11-27 16:00:00",99919,88673.41492366622,5275
"2019-11-27 16:10:00",98276,88693.13843419311,5327
"2019-11-27 16:20:00",97106,88713.24776785714,5518
"2019-11-27 16:30:00",95965,88734.58377425044,5605
"2019-11-27 16:40:00",95470,88757.74924217371,5738
"2019-11-27 16:50:00",94763,88779.89984292327,5945
"2019-11-27 17:00:00",94533,88797.81177662036,6270
"2019-11-27 17:10:00",94608,88809.21693121693,6417
"2019-11-27 17:20:00",94758,88816.07576884922,6511
"2019-11-27 17:30:00",95055,88819.37269896385,6570
"2019-11-27 17:40:00",95270,88818.40275022047,7216
"2019-11-27 17:50:00",95542,88814.53794642858,7602
"2019-11-27 18:00:00",95550,88808.5759479718,7843
"2019-11-27 18:10:00",95816,88802.78790509261,7930
"2019-11-27 18:20:00",95962,88794.916046627,7961
"2019-11-27 18:30:00",96212,88785.56773589067,8174
"2019-11-27 18:40:00",96516,88774.38793127207,7935
"2019-11-27 18:50:00",96786,88761.26756779102,8273
"2019-11-27 19:00:00",96892,88745.98708250662,8275
"2019-11-27 19:10:00",97134,88729.26884920636,8227
"2019-11-27 19:20:00",97479,88709.23741319445,8648
"2019-11-27 19:30:00",97589,88686.09040178571,8901
"2019-11-27 19:40:00",97781,88662.11922674162,8882
"2019-11-27 19:50:00",97582,88634.97552910051,9149
"2019-11-27 20:00:00",97371,88606.62367035935,9187
"2019-11-27 20:10:00",96615,88575.52296902555,9160
"2019-11-27 20:20:00",96175,88544.4214616402,9286
"2019-11-27 20:30:00",95563,88511.42438271604,8999
"2019-11-27 20:40:00",95059,88477.12852044753,8949
"2019-11-27 20:50:00",94596,88441.64508928571,8813
"2019-11-27 21:00:00",93410,88402.65096588404,8930
"2019-11-27 21:10:00",92075,88362.13277116402,8927
"2019-11-27 21:20:00",90886,88319.40837880291,9220
"2019-11-27 21:30:00",89905,88275.4064153439,8911
"2019-11-27 21:40:00",88717,88228.48408564812,9067
"2019-11-27 21:50:00",87397,88180.75801917988,8819
"2019-11-27 22:00:00",86127,88131.60153494267,8984
"2019-11-27 22:10:00",84792,88080.90235063931,8950
"2019-11-27 22:20:00",83448,88027.92813740077,9236
"2019-11-27 22:30:00",82531,87974.74735449732,9323
"2019-11-27 22:40:00",81338,87918.54075038577,9310
"2019-11-27 22:50:00",80134,87861.67274305553,9408
"2019-11-27 23:00:00",79028,87804.66227127422,9153
"2019-11-27 23:10:00",77789,87746.38808972662,9247
"2019-11-27 23:20:00",76999,87687.80898644179,9282
"2019-11-27 23:30:00",76163,87627.16757605819,9256
"2019-11-27 23:40:00",75637,87566.45672811949,9343
"2019-11-27 23:50:00",75279,87504.06646825394,9388
"2019-11-28 00:00:00",75028,87440.212191358,9645
"2019-11-28 00:10:00",74585,87373.94649746468,9725
"2019-11-28 00:20:00",74451,87307.6813409391,9329
"2019-11-28 00:30:00",74286,87240.98467813047,9667
"2019-11-28 00:40:00",74536,87175.0048638668,9497
"2019-11-28 00:50:00",75026,87109.62686011902,9374
"2019-11-28 01:00:00",75493,87043.64814125877,9575
"2019-11-28 01:10:00",76210,86977.1581790123,8765
"2019-11-28 01:20:00",76945,86910.52951388885,8757
"2019-11-28 01:30:00",77626,86842.96847442677,9139
"2019-11-28 01:40:00",78343,86775.54153576939,9047
"2019-11-28 01:50:00",79208,86708.27190806877,9156
"2019-11-28 02:00:00",80064,86640.76917300484,8979
"2019-11-28 02:10:00",81249,86575.07098765431,8793
"2019-11-28 02:20:00",82423,86509.48234953704,8863
"2019-11-28 02:30:00",83669,86445.89296737213,8729
"2019-11-28 02:40:00",84810,86383.29126019619,8512
"2019-11-28 02:50:00",85818,86321.7279265873,8786
"2019-11-28 03:00:00",86336,86260.89068700396,8872
"2019-11-28 03:10:00",86829,86201.99382716049,9061
"2019-11-28 03:20:00",87351,86144.14756944444,8990
"2019-11-28 03:30:00",87562,86087.63898533951,8941
"2019-11-28 03:40:00",88052,86032.01677551807,8964
"2019-11-28 03:50:00",88878,85977.88756613756,8996
"2019-11-28 04:00:00",89779,85923.93350418872,9297
"2019-11-28 04:10:00",90776,85870.90835813493,8731
"2019-11-28 04:20:00",91800,85818.660218254,8737
"2019-11-28 04:30:00",92733,85769.12174823636,6979
"2019-11-28 04:40:00",93167,85721.02604166669,6887
"2019-11-28 04:50:00",93296,85673.95424107145,6708
"2019-11-28 05:00:00",92961,85627.94804756396,6559
"2019-11-28 05:10:00",91969,85583.65250220461,6484
"2019-11-28 05:20:00",90887,85541.96602182541,6503
"2019-11-28 05:30:00",89681,85502.35998126103,6467
"2019-11-28 05:40:00",88223,85466.66236772487,6378
"2019-11-28 05:50:00",86592,85434.19444444444,6438
"2019-11-28 06:00:00",85091,85405.89404899691,6266
"2019-11-28 06:10:00",83116,85380.06944444445,6293
"2019-11-28 06:20:00",81643,85360.02552496696,5982
"2019-11-28 06:30:00",80541,85343.91776895945,5931
"2019-11-28 06:40:00",79380,85329.18547453705,5881
"2019-11-28 06:50:00",78266,85317.8951306217,5909
"2019-11-28 07:00:00",77126,85309.3497781636,5620
"2019-11-28 07:10:00",76038,85303.22944223987,5905
"2019-11-28 07:20:00",75310,85299.6220858135,6107
"2019-11-28 07:30:00",74676,85298.14546130953,5297
"2019-11-28 07:40:00",73906,85297.279307209,5283
"2019-11-28 07:50:00",73395,85298.9642857143,4979
"2019-11-28 08:00:00",73307,85301.93477871474,5147
"2019-11-28 08:10:00",73149,85306.16473765434,5225
"2019-11-28 08:20:00",73146,85310.287161045,5171
"2019-11-28 08:30:00",73263,85314.73757164904,5073
"2019-11-28 08:40:00",73313,85319.2116746583,4889
"2019-11-28 08:50:00",73418,85323.8640873016,4836
"2019-11-28 09:00:00",73320,85329.10035686729,4909
"2019-11-28 09:10:00",73314,85334.10901675487,4967
"2019-11-28 09:20:00",73371,85333.08695023149,4829
"2019-11-28 09:30:00",73476,85334.80486662258,3953
"2019-11-28 09:40:00",73677,85338.21834352956,3925
"2019-11-28 09:50:00",74234,85343.8722718254,4057
"2019-11-28 10:00:00",74452,85349.4164186508,4125
"2019-11-28 10:10:00",75084,85357.20648699296,4051
"2019-11-28 10:20:00",75890,85365.57279265874,3605
"2019-11-28 10:30:00",76524,85374.41512345681,3120
"2019-11-28 10:40:00",77628,85385.8950823964,3364
"2019-11-28 10:50:00",78890,85400.13293650796,3381
"2019-11-28 11:00:00",80469,85415.25300374781,3259
"2019-11-28 11:10:00",81941,85431.13417658732,3056
"2019-11-28 11:20:00",83565,85447.79871445108,3054
"2019-11-28 11:30:00",85233,85464.73445767198,3037
"2019-11-28 11:40:00",86589,85482.39269868829,3159
"2019-11-28 11:50:00",88590,85503.00000000001,2992
"2019-11-28 12:00:00",90379,85523.4209724978,3012
"2019-11-28 12:10:00",92210,85543.72985559965,3070
"2019-11-28 12:20:00",94396,85566.04404348547,3081
"2019-11-28 12:30:00",96584,85587.47754078485,2934
"2019-11-28 12:40:00",98661,85607.70762373239,0
"2019-11-28 12:50:00",100691,85626.30526620374,2773
"2019-11-28 13:00:00",102443,85644.21714478619,2656
"2019-11-28 13:10:00",104747,85662.54001322755,3156
"2019-11-28 13:20:00",106589,85677.32992311512,2775
"2019-11-28 13:30:00",108257,85692.49018959439,3493
"2019-11-28 13:40:00",109764,85708.5256696429,3521
"2019-11-28 13:50:00",111291,85724.20056216935,3708
"2019-11-28 14:00:00",112203,85740.05000964509,3697
"2019-11-28 14:10:00",112875,85757.72347608027,3387
"2019-11-28 14:20:00",112931,85776.61640211641,3836
"2019-11-28 14:30:00",112814,85799.07903439156,3890
"2019-11-28 14:40:00",112383,85824.63370122356,4084
"2019-11-28 14:50:00",111668,85854.01872519843,4400
"2019-11-28 15:00:00",109695,85886.95590139992,4381
"2019-11-28 15:10:00",107010,85929.19155092594,4477
"2019-11-28 15:20:00",105873,85982.30202132938,4261
"2019-11-28 15:30:00",104328,86040.17985284394,4773
"2019-11-28 15:40:00",102543,86103.12823798503,4812
"2019-11-28 15:50:00",101436,86170.44477513229,5142
"2019-11-28 16:00:00",100307,86240.52148781969,4952
"2019-11-28 16:10:00",98725,86312.28561783512,5417
"2019-11-28 16:20:00",97811,86386.1254340278,6248
"2019-11-28 16:30:00",96918,86463.19896384483,5407
"2019-11-28 16:40:00",96366,86542.95650766094,5590
"2019-11-28 16:50:00",95630,86626.08692956349,5574
"2019-11-28 17:00:00",95031,86716.31225887345,5764
"2019-11-28 17:10:00",94703,86826.16997354498,5480
"2019-11-28 17:20:00",94510,86947.95548115078,5418
"2019-11-28 17:30:00",94312,87060.76601080247,5515
"2019-11-28 17:40:00",94207,87163.09294394843,5502
"2019-11-28 17:50:00",94310,87258.02703373016,5816
"2019-11-28 18:00:00",94453,87346.561873071,5896
"2019-11-28 18:10:00",94510,87428.87669477514,6195
"2019-11-28 18:20:00",94414,87504.84654017858,5882
"2019-11-28 18:30:00",94390,87575.42102072312,6096
"2019-11-28 18:40:00",94329,87641.11453510803,5897
"2019-11-28 18:50:00",94234,87701.75421626984,5586
"2019-11-28 19:00:00",94000,87760.09835207232,5585
"2019-11-28 19:10:00",93621,87815.51689263669,5166
"2019-11-28 19:20:00",93322,87868.17311507936,5282
"2019-11-28 19:30:00",93146,87919.94549162258,3942
"2019-11-28 19:40:00",92761,87968.76548721342,4138
"2019-11-28 19:50:00",92349,88017.47453703704,4182
"2019-11-28 20:00:00",91699,88064.8380663029,4182
"2019-11-28 20:10:00",90928,88113.61637455907,4949
"2019-11-28 20:20:00",90132,88163.02354083993,5449
"2019-11-28 20:30:00",89223,88214.35620590829,5972
"2019-11-28 20:40:00",88463,88265.76616925705,6448
"2019-11-28 20:50:00",87419,88316.93687996031,6642
"2019-11-28 21:00:00",85900,88371.18479938271,7241
"2019-11-28 21:10:00",84215,88429.04778439153,7562
"2019-11-28 21:20:00",82794,88490.5765542328,7680
"2019-11-28 21:30:00",81356,88554.34737378747,7595
"2019-11-28 21:40:00",80062,88621.14585400131,8089
"2019-11-28 21:50:00",78528,88689.47569444444,8093
"2019-11-28 22:00:00",76976,88761.73213596782,8256
"2019-11-28 22:10:00",75235,88836.11882716049,7271
"2019-11-28 22:20:00",73830,88913.1785094246,7278
"2019-11-28 22:30:00",72418,88990.40542328043,7257
"2019-11-28 22:40:00",71119,89067.91482032629,7032
"2019-11-28 22:50:00",69920,89145.41645998677,7877
"2019-11-28 23:00:00",68668,89221.39194086198,8035
"2019-11-28 23:10:00",67325,89297.42680776014,8082
"2019-11-28 23:20:00",66231,89371.82595486111,8236
"2019-11-28 23:30:00",65364,89445.75542879189,8686
"2019-11-28 23:40:00",64544,89516.99885637127,8326
"2019-11-28 23:50:00",63986,89586.49107142858,9179
"2019-11-29 00:00:00",63469,89653.97382743607,8124
"2019-11-29 00:10:00",63088,89719.74745094797,7720
"2019-11-29 00:20:00",63055,89783.14403521825,7566
"2019-11-29 00:30:00",63166,89843.73167438271,7653
"2019-11-29 00:40:00",63609,89903.50544945989,7701
"2019-11-29 00:50:00",64062,89961.2078373016,7737
"2019-11-29 01:00:00",64481,90017.9523809524,7993
"2019-11-29 01:10:00",65207,90075.74514991182,7809
"2019-11-29 01:20:00",65852,90132.7341889881,8166
"2019-11-29 01:30:00",66586,90189.4761904762,7522
"2019-11-29 01:40:00",67373,90246.87119020062,7723
"2019-11-29 01:50:00",68230,90306.13169642858,7674
"2019-11-29 02:00:00",69378,90368.0568576389,8016
"2019-11-29 02:10:00",70627,90430.78740906087,7874
"2019-11-29 02:20:00",72098,90493.84866898149,8295
"2019-11-29 02:30:00",73462,90557.33162477956,8214
"2019-11-29 02:40:00",74719,90622.01767113098,8270
"2019-11-29 02:50:00",75800,90688.10329861114,8302
"2019-11-29 03:00:00",76529,90755.58275462965,8276
"2019-11-29 03:10:00",77125,90825.48239087305,8531
"2019-11-29 03:20:00",77813,90897.7153397818,7246
"2019-11-29 03:30:00",78056,90971.55449459881,7206
"2019-11-29 03:40:00",78599,91047.58891369053,8066
"2019-11-29 03:50:00",79249,91124.01091269848,5517
"2019-11-29 04:00:00",80120,91201.85435956795,5519
"2019-11-29 04:10:00",81211,91278.2506338184,5340
"2019-11-29 04:20:00",82576,91353.117311508,5375
"2019-11-29 04:30:00",83697,91425.98498126108,5251
"2019-11-29 04:40:00",84252,91497.77092978402,5231
"2019-11-29 04:50:00",84450,91570.607514881,5278
"2019-11-29 05:00:00",84261,91644.26353753312,5377
"2019-11-29 05:10:00",83673,91720.08371913584,5303
"2019-11-29 05:20:00",82967,91800.09036044979,5302
"2019-11-29 05:30:00",82415,91884.3639632937,5400
"2019-11-29 05:40:00",81554,91973.08205191803,4719
"2019-11-29 05:50:00",80655,92066.96750992068,4700
"2019-11-29 06:00:00",79666,92165.39480682323,4835
"2019-11-29 06:10:00",78736,92268.67091049386,4742
"2019-11-29 06:20:00",77998,92375.71397569448,4758
"2019-11-29 06:30:00",77223,92484.11794532632,4490
"2019-11-29 06:40:00",76650,92594.58508322315,4320
"2019-11-29 06:50:00",76080,92706.26219411378,4171
"2019-11-29 07:00:00",75385,92819.10986414245,3400
"2019-11-29 07:10:00",74740,92932.02703373019,3567
"2019-11-29 07:20:00",74410,93045.70672123019,3115
"2019-11-29 07:30:00",73941,93157.75887345683,3382
"2019-11-29 07:40:00",73653,93270.38405257941,3266
"2019-11-29 07:50:00",73330,93381.68865740745,3238
"2019-11-29 08:00:00",73445,93493.0093350419,3312
"2019-11-29 08:10:00",73300,93600.77383708116,3278
"2019-11-29 08:20:00",73423,93706.31363673945,3257
"2019-11-29 08:30:00",73567,93809.58708112876,3409
"2019-11-29 08:40:00",73644,93911.49811921298,3402
"2019-11-29 08:50:00",73861,94011.93898809527,3364
"2019-11-29 09:00:00",73824,94109.64978091934,3529
"2019-11-29 09:10:00",72679,94202.09854497356,3081
"2019-11-29 09:20:00",73259,94299.39878885582,4246
"2019-11-29 09:30:00",73759,94394.48732363316,4255
"2019-11-29 09:40:00",74345,94487.6141355269,4281
"2019-11-29 09:50:00",74958,94577.83275462964,4092
"2019-11-29 10:00:00",75674,94666.57359871033,3769
"2019-11-29 10:10:00",76507,94753.2550154321,3731
"2019-11-29 10:20:00",77578,94838.65984623016,3705
"2019-11-29 10:30:00",78751,94924.08961640213,3742
"2019-11-29 10:40:00",80477,95010.61616098988,3910
"2019-11-29 10:50:00",81870,95094.53203538363,3832
"2019-11-29 11:00:00",83638,95177.86974344138,3793
"2019-11-29 11:10:00",85351,95260.1116347002,3042
"2019-11-29 11:20:00",87131,95340.6404389881,2998
"2019-11-29 11:30:00",89047,95421.2788662919,2942
"2019-11-29 11:40:00",91003,95501.96212246474,2954
"2019-11-29 11:50:00",92975,95581.81845238096,2988
"2019-11-29 12:00:00",94774,95659.94020750662,2816
"2019-11-29 12:10:00",96862,95737.95987654322,2874
"2019-11-29 12:20:00",98862,95812.86892361111,2950
"2019-11-29 12:30:00",100763,95885.94069664904,2871
"2019-11-29 12:40:00",102641,95957.02903163579,2961
"2019-11-29 12:50:00",104591,96027.49636243387,3193
"2019-11-29 13:00:00",106305,96096.04591738316,3386
"2019-11-29 13:10:00",107928,96161.77700617285,3776
"2019-11-29 13:20:00",109894,96226.83506944445,3631
"2019-11-29 13:30:00",111689,96289.13051146385,3719
"2019-11-29 13:40:00",113025,96349.16549548061,3662
"2019-11-29 13:50:00",114555,96409.08548280422,3722
"2019-11-29 14:00:00",115706,96467.63936425265,4055
"2019-11-29 14:10:00",116829,96526.22533619929,3595
"2019-11-29 14:20:00",117627,96586.74832589287,3809
"2019-11-29 14:30:00",118074,96649.12268518518,3856
"2019-11-29 14:40:00",118369,96712.74667934302,4017
"2019-11-29 14:50:00",118354,96778.1281001984,4131
"2019-11-29 15:00:00",118044,96848.6087756283,4133
"2019-11-29 15:10:00",117580,96923.71943893298,4284
"2019-11-29 15:20:00",117362,96999.45812665345,4218
"2019-11-29 15:30:00",116724,97077.24158123898,4387
"2019-11-29 15:40:00",115846,97156.74580439815,4556
"2019-11-29 15:50:00",115243,97235.81663359789,4562
"2019-11-29 16:00:00",114478,97314.85063932982,4630
"2019-11-29 16:10:00",113254,97391.66021825396,4721
"2019-11-29 16:20:00",112945,97468.41369047618,5573
"2019-11-29 16:30:00",112683,97541.99638999117,5810
"2019-11-29 16:40:00",112897,97613.88850308642,6388
"2019-11-29 16:50:00",113872,97685.87268518518,6771
"2019-11-29 17:00:00",117654,97763.30928268298,9896
"2019-11-29 17:10:00",120072,97830.82220017636,8778
"2019-11-29 17:20:00",118287,97879.78189070767,7927
"2019-11-29 17:30:00",116090,97924.88035989858,7948
"2019-11-29 17:40:00",114563,97970.04493220898,7746
"2019-11-29 17:50:00",113305,98014.01264880953,7727
"2019-11-29 18:00:00",112283,98054.38324652778,8791
"2019-11-29 18:10:00",111160,98091.57378472222,8997
"2019-11-29 18:20:00",110098,98126.68855406746,9130
"2019-11-29 18:30:00",109259,98160.46715167549,9574
"2019-11-29 18:40:00",108344,98192.12544780644,9902
"2019-11-29 18:50:00",107972,98224.40658068785,8736
"2019-11-29 19:00:00",107464,98255.302097112,8865
"2019-11-29 19:10:00",106859,98285.89101080247,9009
"2019-11-29 19:20:00",106563,98316.84281994049,9388
"2019-11-29 19:30:00",106090,98346.653700948,9048
"2019-11-29 19:40:00",105841,98377.447944224,9012
"2019-11-29 19:50:00",105413,98408.56712962964,9062
"2019-11-29 20:00:00",105133,98441.64456569665,9106
"2019-11-29 20:10:00",104736,98476.20866402116,9325
"2019-11-29 20:20:00",104569,98513.28515625,9477
"2019-11-29 20:30:00",103870,98550.60036375662,9409
"2019-11-29 20:40:00",103420,98590.50689621914,9201
"2019-11-29 20:50:00",103286,98633.92609126985,9410
"2019-11-29 21:00:00",102809,98680.18729332012,10130
"2019-11-29 21:10:00",102122,98729.33730158732,9784
"2019-11-29 21:20:00",101510,98781.81865906087,10014
"2019-11-29 21:30:00",100875,98837.27941743829,10575
"2019-11-29 21:40:00",100116,98894.80800126765,10276
"2019-11-29 21:50:00",99684,98956.29811507938,10057
"2019-11-29 22:00:00",98910,99018.91947751326,10210
"2019-11-29 22:10:00",97888,99083.93183697094,10155
"2019-11-29 22:20:00",96884,99149.86817956352,10059
"2019-11-29 22:30:00",95693,99216.14362874783,10199
"2019-11-29 22:40:00",94492,99283.21884645065,9880
"2019-11-29 22:50:00",93136,99350.84193121694,10159
"2019-11-29 23:00:00",92057,99419.61349481925,9962
"2019-11-29 23:10:00",90620,99487.20546737216,10209
"2019-11-29 23:20:00",89543,99555.54970651458,10297
"2019-11-29 23:30:00",88343,99622.44376929017,10298
"2019-11-29 23:40:00",87347,99690.11923363099,10253
"2019-11-29 23:50:00",86592,99757.14583333337,10275
"2019-11-30 00:00:00",85762,99822.62883735672,10443
"2019-11-30 00:10:00",84894,99886.6236772487,10124
"2019-11-30 00:20:00",84175,99948.59135251326,9943
"2019-11-30 00:30:00",84093,100010.0806602734,9389
"2019-11-30 00:40:00",84188,100069.85697751326,9289
"2019-11-30 00:50:00",84550,100128.63884755294,9197
"2019-11-30 01:00:00",85300,100188.87442129632,9287
"2019-11-30 01:10:00",85995,100248.14539241625,9329
"2019-11-30 01:20:00",86653,100307.18979414683,9239
"2019-11-30 01:30:00",87595,100366.9229772928,9318
"2019-11-30 01:40:00",88913,100429.08143876765,9421
"2019-11-30 01:50:00",90310,100492.94733796298,9432
"2019-11-30 02:00:00",91708,100557.92821318343,9563
"2019-11-30 02:10:00",92961,100622.44290123458,9170
"2019-11-30 02:20:00",94562,100688.85360863098,8820
"2019-11-30 02:30:00",96237,100756.22778880072,8793
"2019-11-30 02:40:00",97877,100824.91028025796,9038
"2019-11-30 02:50:00",99258,100895.15525793654,9178
"2019-11-30 03:00:00",100590,100968.00619350754,9166
"2019-11-30 03:10:00",101733,101042.56247244272,8847
"2019-11-30 03:20:00",102883,101120.23871527781,8978
"2019-11-30 03:30:00",103714,101200.62749393744,8921
"2019-11-30 03:40:00",104568,101282.59128361999,9117
"2019-11-30 03:50:00",105682,101366.89087301593,8887
"2019-11-30 04:00:00",106273,101449.4101424714,8846
"2019-11-30 04:10:00",106909,101531.08542768966,8467
"2019-11-30 04:20:00",107801,101611.9897693453,8451
"2019-11-30 04:30:00",108703,101692.28954475312,8142
"2019-11-30 04:40:00",109571,101773.78411596124,7903
"2019-11-30 04:50:00",109980,101855.8420552249,7878
"2019-11-30 05:00:00",110155,101940.24088541672,7642
"2019-11-30 05:10:00",110426,102029.23462301592,7722
"2019-11-30 05:20:00",110422,102122.16902281751,7795
"2019-11-30 05:30:00",110651,102219.23181216935,7727
"2019-11-30 05:40:00",110656,102319.77343750004,7608
"2019-11-30 05:50:00",110618,102424.65798611115,7599
"2019-11-30 06:00:00",110217,102532.93560543434,7410
"2019-11-30 06:10:00",109818,102644.81777722665,7310
"2019-11-30 06:20:00",109304,102758.25574570108,7302
"2019-11-30 06:30:00",108748,102873.38040123461,4984
"2019-11-30 06:40:00",108217,102988.97686563054,5053
"2019-11-30 06:50:00",107743,103105.52025462965,5400
"2019-11-30 07:00:00",106879,103221.94285989861,5540
"2019-11-30 07:10:00",106259,103339.67959104941,5587
"2019-11-30 07:20:00",105533,103456.41865079368,5128
"2019-11-30 07:30:00",104982,103573.81743276016,5253
"2019-11-30 07:40:00",104351,103690.20593584658,5272
"2019-11-30 07:50:00",103996,103807.533234127,4832
"2019-11-30 08:00:00",103341,103921.90427276236,4699
"2019-11-30 08:10:00",102668,104034.64230599647,4689
"2019-11-30 08:20:00",102318,104145.88735945767,4614
"2019-11-30 08:30:00",102207,104255.60557208995,4508
"2019-11-30 08:40:00",101942,104363.96720679014,4438
"2019-11-30 08:50:00",101542,104469.55109126984,4725
"2019-11-30 09:00:00",101107,104574.38078703704,4643
"2019-11-30 09:10:00",100879,104683.23765432098,4592
"2019-11-30 09:20:00",100731,104788.48232886902,4816
"2019-11-30 09:30:00",100566,104890.97211199293,4556
"2019-11-30 09:40:00",100483,104990.04057815255,4273
"2019-11-30 09:50:00",100460,105085.94460978836,3890
"2019-11-30 10:00:00",100604,105179.33002645502,4067
"2019-11-30 10:10:00",101009,105271.18317350087,3914
"2019-11-30 10:20:00",101773,105360.54427083333,3836
"2019-11-30 10:30:00",102841,105448.66617063491,3895
"2019-11-30 10:40:00",103893,105532.60429067459,3853
"2019-11-30 10:50:00",105073,105614.83167989417,3968
"2019-11-30 11:00:00",106458,105695.6619130291,4104
"2019-11-30 11:10:00",107693,105773.53378527336,3945
"2019-11-30 11:20:00",109381,105850.94783399471,4016
"2019-11-30 11:30:00",110924,105926.5726273148,4023
"2019-11-30 11:40:00",112754,106002.4662353946,4072
"2019-11-30 11:50:00",114341,106078.05654761902,4087
"2019-11-30 12:00:00",115979,106154.03570050703,4098
"2019-11-30 12:10:00",117478,106227.80237268514,3994
"2019-11-30 12:20:00",119287,106301.39132771158,3883
"2019-11-30 12:30:00",120893,106371.60052910047,4060
"2019-11-30 12:40:00",122731,106442.94217785489,4308
"2019-11-30 12:50:00",124278,106513.2985697751,4477
"2019-11-30 13:00:00",125855,106583.42586392193,4477
"2019-11-30 13:10:00",127267,106652.89478615517,4501
"2019-11-30 13:20:00",128482,106719.87214781743,4734
"2019-11-30 13:30:00",129884,106786.13777281741,4546
"2019-11-30 13:40:00",131241,106852.00484319881,4946
"2019-11-30 13:50:00",132283,106915.208912037,5029
"2019-11-30 14:00:00",133135,106976.80234512783,5019
"2019-11-30 14:10:00",134216,107036.34820050703,5145
"2019-11-30 14:20:00",135088,107080.5321593915,5156
"2019-11-30 14:30:00",135320,107125.30125661372,5266
"2019-11-30 14:40:00",135548,107169.36073908726,5415
"2019-11-30 14:50:00",135553,107211.89583333331,5510
"2019-11-30 15:00:00",134678,107250.40933641973,5592
"2019-11-30 15:10:00",133650,107284.01460537917,5872
"2019-11-30 15:20:00",133241,107313.06640624997,6003
"2019-11-30 15:30:00",132321,107338.46458884477,6151
"2019-11-30 15:40:00",130921,107360.58932705023,6368
"2019-11-30 15:50:00",130011,107381.00710978833,6417
"2019-11-30 16:00:00",128363,107397.24590773805,6422
"2019-11-30 16:10:00",126616,107412.36207561725,6592
"2019-11-30 16:20:00",124931,107422.09883432536,6761
"2019-11-30 16:30:00",123561,107428.78182870368,6808
"2019-11-30 16:40:00",122331,107430.80113949513,6698
"2019-11-30 16:50:00",121004,107424.14401455026,6992
"2019-11-30 17:00:00",119739,107398.27923142635,6903
"2019-11-30 17:10:00",118475,107358.91545414462,6232
"2019-11-30 17:20:00",117281,107324.78486689815,5905
"2019-11-30 17:30:00",116245,107298.4729111552,5964
"2019-11-30 17:40:00",115501,107277.94278411595,6190
"2019-11-30 17:50:00",114221,107259.13864087302,6451
"2019-11-30 18:00:00",113309,107244.02256255512,6086
"2019-11-30 18:10:00",112414,107232.09259259261,7110
"2019-11-30 18:20:00",111654,107224.01376488096,7599
"2019-11-30 18:30:00",110945,107217.49344135803,7959
"2019-11-30 18:40:00",110399,107214.35681216934,8153
"2019-11-30 18:50:00",109850,107212.13665674605,8222
"2019-11-30 19:00:00",109417,107211.70158179014,8586
"2019-11-30 19:10:00",108866,107212.36204805998,8681
"2019-11-30 19:20:00",108483,107213.03261408731,9173
"2019-11-30 19:30:00",108115,107213.98936287478,9580
"2019-11-30 19:40:00",107928,107215.52387152777,10006
"2019-11-30 19:50:00",107660,107218.52777777777,10189
"2019-11-30 20:00:00",107405,107221.79223159171,10489
"2019-11-30 20:10:00",107080,107225.28560405644,10736
"2019-11-30 20:20:00",106739,107227.56737764551,10718
"2019-11-30 20:30:00",106424,107231.3167713845,10245
"2019-11-30 20:40:00",106056,107234.34740823414,10196
"2019-11-30 20:50:00",105689,107235.46440972225,13297
"2019-11-30 21:00:00",105026,107234.50374090609,12852
"2019-11-30 21:10:00",104448,107232.54183201058,13031
"2019-11-30 21:20:00",103848,107228.64601934524,13048
"2019-11-30 21:30:00",103219,107223.29406415345,13083
"2019-11-30 21:40:00",102455,107216.30946869489,12933
"2019-11-30 21:50:00",101524,107205.93113425927,12778
"2019-11-30 22:00:00",100656,107194.97207754629,12746
"2019-11-30 22:10:00",99427,107181.86808311287,12684
"2019-11-30 22:20:00",98221,107166.33785962302,12854
"2019-11-30 22:30:00",97076,107150.85339506173,12544
"2019-11-30 22:40:00",96098,107136.19470623898,12734
"2019-11-30 22:50:00",94815,107120.78765707671,12522
"2019-11-30 23:00:00",93406,107103.99014825837,12931
"2019-11-30 23:10:00",92081,107087.71199845678,12379
"2019-11-30 23:20:00",90832,107070.75217013889,11822
"2019-11-30 23:30:00",89946,107055.87921626985,12184
"2019-11-30 23:40:00",88876,107040.0973600088,12124
"2019-11-30 23:50:00",87906,107024.04414682537,12587
"2019-12-01 00:00:00",87053,107008.48265266753,12800
"2019-12-01 00:10:00",86210,106993.97391699735,12824
"2019-12-01 00:20:00",85469,106980.39207175924,12934
"2019-12-01 00:30:00",85165,106967.41710758377,12830
"2019-12-01 00:40:00",84985,106953.65155836639,12723
"2019-12-01 00:50:00",85352,106940.57547949735,12769
"2019-12-01 01:00:00",85771,106925.68813381833,12684
"2019-12-01 01:10:00",86304,106909.79629629629,12403
"2019-12-01 01:20:00",86865,106892.87741815476,9842
"2019-12-01 01:30:00",87882,106875.6501736111,9742
"2019-12-01 01:40:00",89051,106856.2594314925,9875
"2019-12-01 01:50:00",90425,106834.9437003968,9838
"2019-12-01 02:00:00",91590,106810.26105737433,10132
"2019-12-01 02:10:00",93176,106784.94516093473,10073
"2019-12-01 02:20:00",94641,106756.47191220237,10179
"2019-12-01 02:30:00",96203,106725.4436728395,10341
"2019-12-01 02:40:00",97892,106692.17785493829,9973
"2019-12-01 02:50:00",99306,106656.30257936509,9703
"2019-12-01 03:00:00",100458,106616.91053516313,9573
"2019-12-01 03:10:00",101934,106576.24407517636,9740
"2019-12-01 03:20:00",103156,106531.53432953042,9270
"2019-12-01 03:30:00",104016,106484.07849702382,9096
"2019-12-01 03:40:00",104959,106434.0133101852,8612
"2019-12-01 03:50:00",105734,106379.65740740742,8402
"2019-12-01 04:00:00",106464,106324.55138062169,8693
"2019-12-01 04:10:00",107285,106269.21041391093,8590
"2019-12-01 04:20:00",108133,106212.94673859126,8368
"2019-12-01 04:30:00",108945,106155.3675595238,8603
"2019-12-01 04:40:00",109642,106096.05465305335,8331
"2019-12-01 04:50:00",110250,106036.66749338622,8421
"2019-12-01 05:00:00",110754,105977.37094907407,8358
"2019-12-01 05:10:00",111328,105917.20601851853,8256
"2019-12-01 05:20:00",111592,105854.20353835978,8073
"2019-12-01 05:30:00",111787,105787.53751929013,8168
"2019-12-01 05:40:00",112026,105718.53629987876,7643
"2019-12-01 05:50:00",112239,105646.9015376984,7651
"2019-12-01 06:00:00",112219,105573.3833912037,7617
"2019-12-01 06:10:00",111919,105497.52382330244,7659
"2019-12-01 06:20:00",111550,105420.21781994046,7605
"2019-12-01 06:30:00",110966,105341.60879629626,7365
"2019-12-01 06:40:00",110492,105263.01541143077,7152
"2019-12-01 06:50:00",110053,105184.73268022484,7151
"2019-12-01 07:00:00",109447,105107.51321373455,7184
"2019-12-01 07:10:00",108859,105030.94141313931,6767
"2019-12-01 07:20:00",108316,104955.5190972222,6753
"2019-12-01 07:30:00",107734,104881.24080963401,6812
"2019-12-01 07:40:00",107318,104809.32095320764,6780
"2019-12-01 07:50:00",106834,104737.57291666666,4926
"2019-12-01 08:00:00",106182,104667.75151565255,4770
"2019-12-01 08:10:00",105493,104600.5948385141,5474
"2019-12-01 08:20:00",104851,104534.65742807537,5441
"2019-12-01 08:30:00",104610,104470.8734567901,5039
"2019-12-01 08:40:00",104099,104408.04987874776,4795
"2019-12-01 08:50:00",103837,104348.34833829364,4746
"2019-12-01 09:00:00",103449,104291.4450851521,4429
"2019-12-01 09:10:00",102846,104234.27998236328,4401
"2019-12-01 09:20:00",102525,104179.06287202379,4382
"2019-12-01 09:30:00",101978,104124.50188767634,4295
"2019-12-01 09:40:00",101557,104070.89168595677,4301
"2019-12-01 09:50:00",101328,104018.69138558199,4161
"2019-12-01 10:00:00",101408,103968.8843419312,3921
"2019-12-01 10:10:00",101280,103917.99295910491,3738
"2019-12-01 10:20:00",101662,103867.66834077379,3832
"2019-12-01 10:30:00",102110,103816.10951278656,3881
"2019-12-01 10:40:00",102762,103764.26885609564,4006
"2019-12-01 10:50:00",103867,103713.40190972219,4002
"2019-12-01 11:00:00",104784,103660.60088734564,4477
"2019-12-01 11:10:00",105877,103608.49247685182,4564
"2019-12-01 11:20:00",107349,103556.44134424602,4481
"2019-12-01 11:30:00",109039,103505.89136904759,4475
"2019-12-01 11:40:00",111171,103457.00799162255,4575
"2019-12-01 11:50:00",112998,103409.22817460315,4510
"2019-12-01 12:00:00",114576,103361.56196952157,4458
"2019-12-01 12:10:00",116170,103315.43896053787,4455
"2019-12-01 12:20:00",117131,103265.51091269837,4454
"2019-12-01 12:30:00",119072,103219.34129739855,4331
"2019-12-01 12:40:00",121022,103173.7969301146,4534
"2019-12-01 12:50:00",122578,103128.59155919308,4494
"2019-12-01 13:00:00",124120,103084.25886656743,4487
"2019-12-01 13:10:00",125616,103041.50540123454,4494
"2019-12-01 13:20:00",127036,103000.75142609123,4893
"2019-12-01 13:30:00",128178,102959.45111331566,4896
"2019-12-01 13:40:00",129203,102917.38290895059,4994
"2019-12-01 13:50:00",130013,102875.20180224866,5092
"2019-12-01 14:00:00",130119,102829.71987296076,4966
"2019-12-01 14:10:00",125650,102757.43548831569,5013
"2019-12-01 14:20:00",126907,102695.98958333333,4977
"2019-12-01 14:30:00",126864,102630.90751763668,5060
"2019-12-01 14:40:00",126405,102562.00039269179,5088
"2019-12-01 14:50:00",125683,102487.86607142855,4905
"2019-12-01 15:00:00",123766,102408.11879960315,4890
"2019-12-01 15:10:00",121276,102320.8396164021,4989
"2019-12-01 15:20:00",119847,102226.61685681212,5003
"2019-12-01 15:30:00",118388,102129.21990740739,5179
"2019-12-01 15:40:00",116690,102029.74091986328,5258
"2019-12-01 15:50:00",115451,101927.46279761902,5294
"2019-12-01 16:00:00",114037,101825.77752287254,5267
"2019-12-01 16:10:00",112274,101723.95363481037,5290
"2019-12-01 16:20:00",111018,101624.08581349204,5747
"2019-12-01 16:30:00",110013,101526.20557760139,5833
"2019-12-01 16:40:00",109006,101429.34423225306,6309
"2019-12-01 16:50:00",108264,101335.93874007933,6370
"2019-12-01 17:00:00",107623,101246.01435736328,6307
"2019-12-01 17:10:00",107308,101161.27601410932,6528
"2019-12-01 17:20:00",107135,101081.8192997685,6360
"2019-12-01 17:30:00",106956,101007.34122850528,6353
"2019-12-01 17:40:00",106827,100936.27496004189,6531
"2019-12-01 17:50:00",106683,100872.02430555555,6477
"2019-12-01 18:00:00",106546,100812.38007743607,6512
"2019-12-01 18:10:00",106560,100757.81860394622,6344
"2019-12-01 18:20:00",106135,100705.22619047618,6649
"2019-12-01 18:30:00",106063,100657.24437830689,6826
"2019-12-01 18:40:00",106103,100613.00644152338,6787
"2019-12-01 18:50:00",106069,100572.06080522489,6971
"2019-12-01 19:00:00",105930,100533.080777392,7165
"2019-12-01 19:10:00",105494,100495.33735670194,7212
"2019-12-01 19:20:00",105022,100458.19915674604,8280
"2019-12-01 19:30:00",104743,100422.57592041444,6811
"2019-12-01 19:40:00",104823,100389.04389192018,7114
"2019-12-01 19:50:00",104585,100355.76620370368,7435
"2019-12-01 20:00:00",104271,100322.75365134477,7571
"2019-12-01 20:10:00",103742,100289.35040509258,7548
"2019-12-01 20:20:00",103298,100255.6429191468,7599
"2019-12-01 20:30:00",102540,100219.90754519399,7513
"2019-12-01 20:40:00",101791,100182.9699556327,7564
"2019-12-01 20:50:00",100900,100144.08345734124,7486
"2019-12-01 21:00:00",99630,100102.74822255288,7609
"2019-12-01 21:10:00",98242,100058.15850970015,7490
"2019-12-01 21:20:00",97021,100010.87528935182,8067
"2019-12-01 21:30:00",95716,99960.90265376981,8179
"2019-12-01 21:40:00",94428,99908.7191082451,8311
"2019-12-01 21:50:00",93378,99856.60590277775,8387
"2019-12-01 22:00:00",91972,99802.12885802466,8530
"2019-12-01 22:10:00",90083,99745.42311507935,8609
"2019-12-01 22:20:00",88757,99689.42850942456,8511
"2019-12-01 22:30:00",87490,99633.26851851848,8105
"2019-12-01 22:40:00",86026,99575.37605406741,8285
"2019-12-01 22:50:00",84707,99518.38330853169,8441
"2019-12-01 23:00:00",83244,99462.36004326495,8921
"2019-12-01 23:10:00",81888,99407.30078813928,8569
"2019-12-01 23:20:00",80852,99353.98764054227,8548
"2019-12-01 23:30:00",79669,99299.88735945761,8685
"2019-12-01 23:40:00",78811,99248.54234182092,8411
"2019-12-01 23:50:00",78018,99199.04414682534,8531
"2019-12-02 00:00:00",77484,99152.69274277992,8570
"2019-12-02 00:10:00",76997,99108.95605985445,8495
"2019-12-02 00:20:00",76851,99069.3928778108,8670
"2019-12-02 00:30:00",76675,99031.83972663134,8459
"2019-12-02 00:40:00",76716,98996.41863701494,8313
"2019-12-02 00:50:00",76901,98960.87152777774,8272
"2019-12-02 01:00:00",77157,98925.3463955026,8273
"2019-12-02 01:10:00",77396,98888.82716049379,8295
"2019-12-02 01:20:00",77636,98851.49088541663,8218
"2019-12-02 01:30:00",77980,98811.34544477508,7926
"2019-12-02 01:40:00",78332,98767.76336529976,8087
"2019-12-02 01:50:00",78679,98719.13806216925,7851
"2019-12-02 02:00:00",78874,98665.81867283945,8201
"2019-12-02 02:10:00",79318,98607.24348269393,7933
"2019-12-02 02:20:00",79842,98544.15393518512,7878
"2019-12-02 02:30:00",80276,98475.09975749553,7899
"2019-12-02 02:40:00",80700,98399.9029637896,7731
"2019-12-02 02:50:00",80868,98318.1418650793,7687
"2019-12-02 03:00:00",80714,98229.36273010356,7827
"2019-12-02 03:10:00",80199,98129.7748842592,7611
"2019-12-02 03:20:00",80054,98022.76597635576,7337
"2019-12-02 03:30:00",79474,97907.61279210754,7214
"2019-12-02 03:40:00",79093,97785.45481977507,7111
"2019-12-02 03:50:00",79109,97658.8422619047,7074
"2019-12-02 04:00:00",79203,97528.29294808194,7140
"2019-12-02 04:10:00",79545,97395.11725639322,6978
"2019-12-02 04:20:00",79832,97258.70052083326,6839
"2019-12-02 04:30:00",80061,97119.64966380062,6821
"2019-12-02 04:40:00",80141,96977.21695877417,6862
"2019-12-02 04:50:00",79929,96829.95911871686,6849
"2019-12-02 05:00:00",79232,96675.90565751756,6256
"2019-12-02 05:10:00",77790,96510.13574735442,6162
"2019-12-02 05:20:00",76281,96334.23323826052,6726
"2019-12-02 05:30:00",74717,96148.1754436728,6524
"2019-12-02 05:40:00",73009,95950.81166639105,6397
"2019-12-02 05:50:00",71316,95742.22495039676,6245
"2019-12-02 06:00:00",69763,95524.3942487874,6156
"2019-12-02 06:10:00",68221,95298.7822420634,6058
"2019-12-02 06:20:00",67034,95067.95529513882,5841
"2019-12-02 06:30:00",66041,94834.04045414458,5542
"2019-12-02 06:40:00",65336,94597.77531828698,5297
"2019-12-02 06:50:00",64522,94358.63041501316,5248
"2019-12-02 07:00:00",63839,94118.49372382049,4603
"2019-12-02 07:10:00",63072,93876.63591269836,4412
"2019-12-02 07:20:00",62817,93635.712797619,4559
"2019-12-02 07:30:00",62543,93395.73826058196,4623
"2019-12-02 07:40:00",62186,93155.51790536813,4794
"2019-12-02 07:50:00",62286,92918.0659722222,4687
"2019-12-02 08:00:00",62612,92685.50087494486,4384
"2019-12-02 08:10:00",62856,92457.60167272924,3870
"2019-12-02 08:20:00",63231,92235.1507316468,3666
"2019-12-02 08:30:00",63719,92016.5551973104,3549
"2019-12-02 08:40:00",64091,91802.30295827822,3737
"2019-12-02 08:50:00",64775,91593.02120535713,3698
"2019-12-02 09:00:00",64858,91385.56582754629,3584
"2019-12-02 09:10:00",65323,91184.0805776014,3428
"2019-12-02 09:20:00",65950,90987.28468088622,3408
"2019-12-02 09:30:00",66403,90795.41045249117,3475
"2019-12-02 09:40:00",66906,90608.4195946318,3422
"2019-12-02 09:50:00",67753,90427.10276124338,3329
"2019-12-02 10:00:00",68344,90248.18641148588,3406
"2019-12-02 10:10:00",69183,90074.54812885799,3466
"2019-12-02 10:20:00",70235,89904.28689236108,3527
"2019-12-02 10:30:00",71303,89737.0854828042,3587
"2019-12-02 10:40:00",72416,89572.34062913359,3557
"2019-12-02 10:50:00",73506,89407.1831597222,4169
"2019-12-02 11:00:00",74919,89244.63195133375,3030
"2019-12-02 11:10:00",76380,89083.77400242504,3125
"2019-12-02 11:20:00",78050,88923.59085648146,3153
"2019-12-02 11:30:00",79636,88762.47515707673,3109
"2019-12-02 11:40:00",81531,88599.52637924383,3034
"2019-12-02 11:50:00",83369,88436.28273809524,3173
"2019-12-02 12:00:00",85293,88268.67850942462,3185
"2019-12-02 12:10:00",86904,88098.86349481923,3292
"2019-12-02 12:20:00",88741,87932.27941054894,3467
"2019-12-02 12:30:00",90528,87762.56081900354,3727
"2019-12-02 12:40:00",92439,87590.44262566138,4013
"2019-12-02 12:50:00",94345,87418.13256448414,3920
"2019-12-02 13:00:00",96298,87246.00886656748,3990
"2019-12-02 13:10:00",98111,87073.46869488538,4133
"2019-12-02 13:20:00",99741,86900.01395089286,4209
"2019-12-02 13:30:00",101172,86726.30620315256,4290
"2019-12-02 13:40:00",102572,86553.06726741625,4442
"2019-12-02 13:50:00",103451,86378.4889219577,4340
"2019-12-02 14:00:00",104054,86205.6754092262,4468
"2019-12-02 14:10:00",104183,86059.71706900354,4599
"2019-12-02 14:20:00",104146,85905.49886326058,4627
"2019-12-02 14:30:00",103817,85749.26984126984,4811
"2019-12-02 14:40:00",102432,85587.42929480819,4677
"2019-12-02 14:50:00",101439,85424.98573908728,4686
"2019-12-02 15:00:00",99380,85262.32942708333,4743
"2019-12-02 15:10:00",95856,85095.08253417106,4891
"2019-12-02 15:20:00",94108,84929.03645833333,5074
"2019-12-02 15:30:00",92255,84761.96490575396,5096
"2019-12-02 15:40:00",89855,84592.08176256614,5098
"2019-12-02 15:50:00",88187,84421.58531746031,5343
"2019-12-02 16:00:00",86643,84251.57177303791,5468
"2019-12-02 16:10:00",84640,84081.2409611993,5577
"2019-12-02 16:20:00",83338,83912.23412698411,5588
"2019-12-02 16:30:00",82150,83743.01297949735,5978
"2019-12-02 16:40:00",81274,83575.39242311509,5924
"2019-12-02 16:50:00",80558,83408.41894014551,6154
"2019-12-02 17:00:00",79948,83241.9651675485,6626
"2019-12-02 17:10:00",79495,83074.88337742505,6968
"2019-12-02 17:20:00",79484,82908.86888227513,7028
"2019-12-02 17:30:00",79282,82742.34201388889,7366
"2019-12-02 17:40:00",79520,82577.90724895283,7603
"2019-12-02 17:50:00",79545,82413.90798611111,7737
"2019-12-02 18:00:00",79440,82249.70862957452,7907
"2019-12-02 18:10:00",79410,82084.96653163582,8037
"2019-12-02 18:20:00",79557,81923.43855406748,8232
"2019-12-02 18:30:00",79704,81762.7624559083,8391
"2019-12-02 18:40:00",79912,81602.62478643078,8557
"2019-12-02 18:50:00",79944,81442.33184523809,8747
"2019-12-02 19:00:00",79995,81282.83442873677,8659
"2019-12-02 19:10:00",80015,81125.7815806878,8788
"2019-12-02 19:20:00",79988,80971.14459325395,8973
"2019-12-02 19:30:00",79939,80817.63139329804,9170
"2019-12-02 19:40:00",79896,80663.05306850748,8664
"2019-12-02 19:50:00",79826,80509.22949735446,8375
"2019-12-02 20:00:00",79752,80356.64381475968,8773
"2019-12-02 20:10:00",79193,80203.60480048497,8381
"2019-12-02 20:20:00",78772,80050.9270833333,8630
"2019-12-02 20:30:00",78349,79900.44314925041,9032
"2019-12-02 20:40:00",77954,79752.28193893294,9183
"2019-12-02 20:50:00",77393,79606.2712053571,9253
"2019-12-02 21:00:00",76640,79463.76640349423,9193
"2019-12-02 21:10:00",75503,79323.28273809521,9442
"2019-12-02 21:20:00",74733,79186.47536375659,9730
"2019-12-02 21:30:00",73680,79051.72547398588,9735
"2019-12-02 21:40:00",72721,78919.80866264329,9530
"2019-12-02 21:50:00",71891,78789.94460978836,9887
"2019-12-02 22:00:00",71224,78665.31728119489,9842
"2019-12-02 22:10:00",70110,78546.00990685624,9872
"2019-12-02 22:20:00",69010,78428.97581845237,10093
"2019-12-02 22:30:00",68235,78315.90641534391,9805
"2019-12-02 22:40:00",67404,78207.39187196868,9726
"2019-12-02 22:50:00",66837,78104.2632688492,9422
"2019-12-02 23:00:00",66051,78005.79319609786,10065
"2019-12-02 23:10:00",65021,77909.9591876102,10177
"2019-12-02 23:20:00",64474,77818.0577670304,10408
"2019-12-02 23:30:00",64305,77732.998057209,9194
"2019-12-02 23:40:00",63990,77651.3920579806,9457
"2019-12-02 23:50:00",64099,77575.71081349204,9330
"2019-12-03 00:00:00",63977,77502.38923335537,9371
"2019-12-03 00:10:00",64073,77432.77003417106,9464
"2019-12-03 00:20:00",64782,77368.40858548279,9851
"2019-12-03 00:30:00",65204,77307.05009920635,10350
"2019-12-03 00:40:00",65819,77248.83606839727,9606
"2019-12-03 00:50:00",66619,77193.85296792327,9589
"2019-12-03 01:00:00",67296,77140.66962907846,9707
"2019-12-03 01:10:00",68195,77090.97111992943,9770
"2019-12-03 01:20:00",69076,77044.42714533728,9151
"2019-12-03 01:30:00",70200,77001.97471615959,9358
"2019-12-03 01:40:00",71040,76961.48381696426,9626
"2019-12-03 01:50:00",71921,76923.54670965605,9777
"2019-12-03 02:00:00",72955,76890.12783840385,9766
"2019-12-03 02:10:00",73996,76859.50890101408,9743
"2019-12-03 02:20:00",74843,76829.90011160712,10001
"2019-12-03 02:30:00",76049,76804.4454365079,9749
"2019-12-03 02:40:00",76889,76780.46735146601,8652
"2019-12-03 02:50:00",77411,76757.93005952376,8661
"2019-12-03 03:00:00",77667,76737.52479469795,8075
"2019-12-03 03:10:00",77519,76719.2407131834,8059
"2019-12-03 03:20:00",77533,76702.11483134917,8094
"2019-12-03 03:30:00",77504,76688.5769124779,8097
"2019-12-03 03:40:00",77230,76675.7475542879,7678
"2019-12-03 03:50:00",77234,76663.08498677245,7001
"2019-12-03 04:00:00",77651,76652.53108465605,7139
"2019-12-03 04:10:00",78212,76642.99353780862,6462
"2019-12-03 04:20:00",79295,76638.16207837299,6599
"2019-12-03 04:30:00",79911,76634.81900352733,6519
"2019-12-03 04:40:00",80165,76632.01953813931,6388
"2019-12-03 04:50:00",80292,76631.22449570104,6201
"2019-12-03 05:00:00",79727,76631.18784446648,6233
"2019-12-03 05:10:00",78613,76633.90591931215,6116
"2019-12-03 05:20:00",77385,76639.6163814484,5917
"2019-12-03 05:30:00",76072,76648.237654321,5888
"2019-12-03 05:40:00",74530,76659.29064015653,5671
"2019-12-03 05:50:00",72915,76672.41666666666,5487
"2019-12-03 06:00:00",71303,76686.77141203702,5165
"2019-12-03 06:10:00",69836,76703.24984843472,5340
"2019-12-03 06:20:00",68560,76720.60807291664,5234
"2019-12-03 06:30:00",67248,76737.10824514988,5305
"2019-12-03 06:40:00",66471,76754.44201251099,5171
"2019-12-03 06:50:00",65736,76773.09453538356,4744
"2019-12-03 07:00:00",65015,76792.23665536815,4886
"2019-12-03 07:10:00",64181,76811.65790343913,4602
"2019-12-03 07:20:00",63766,76830.84046378965,4581
"2019-12-03 07:30:00",63534,76850.73194995588,4516
"2019-12-03 07:40:00",63198,76871.00946593913,4528
"2019-12-03 07:50:00",63166,76890.73941798939,4264
"2019-12-03 08:00:00",63375,76909.71928047836,4466
"2019-12-03 08:10:00",63742,76929.337838955,4499
"2019-12-03 08:20:00",64296,76949.82167658728,4462
"2019-12-03 08:30:00",64589,76968.44328703701,4513
"2019-12-03 08:40:00",64979,76986.90885416664,4543
"2019-12-03 08:50:00",65328,77002.71490575396,4425
"2019-12-03 09:00:00",65656,77019.85504161155,4439
"2019-12-03 09:10:00",65822,77034.637345679,3941
"2019-12-03 09:20:00",66060,77046.60065310846,3962
"2019-12-03 09:30:00",66474,77058.06229332011,3678
"2019-12-03 09:40:00",66825,77068.072255291,3619
"2019-12-03 09:50:00",67540,77076.82713293651,3656
"2019-12-03 10:00:00",68170,77085.13762814154,3560
"2019-12-03 10:10:00",68886,77091.9750330688,3162
"2019-12-03 10:20:00",69778,77096.99683779763,3199
"2019-12-03 10:30:00",70993,77102.14015652558,3153
"2019-12-03 10:40:00",72193,77106.673817791,3230
"2019-12-03 10:50:00",73367,77110.59379133598,3289
"2019-12-03 11:00:00",74704,77112.82200727514,3276
"2019-12-03 11:10:00",76070,77113.06376763666,3184
"2019-12-03 11:20:00",77824,77112.5276951058,3267
"2019-12-03 11:30:00",79388,77110.09595458554,3259
"2019-12-03 11:40:00",81328,77106.42139963625,3216